021,123
1213,1231
12132,12321
12132,12321
12313,123213
202,20
51351,1212
Addison Rowland,1-531-638-3842
Adrienne Mcfarland,1-281-763-2610
Ahmed Michael,1-818-254-4624
Akeem Yang,1-382-101-1563
Alexa Powers,1-545-341-2663
Ali Ashraf Ali,234567899876
Aline Hunter,1-686-557-6374
Allistair Dickson,1-760-213-9040
Allistair Lucas,1-208-121-7237
Amber Guzman,1-813-278-7755
Ariana Wise,1-722-394-2632
Ariel Glover,1-452-828-0471
Austin Kline,1-770-190-4479
Basil Christensen,1-692-821-4575
Benedict Harding,1-627-345-3454
Brady Lancaster,1-724-331-3768
Brenden Chaney,1-133-344-6591
Cailin Merrill,1-934-834-3523
Camille Dickson,1-908-355-6821
Castor Mcconnell,1-826-265-3485
Castor Molina,1-795-588-8316
Castor Stephenson,1-737-265-6863
Chadwick Maddox,1-654-873-6381
Charde Lloyd,1-665-802-1359
Chase Church,1-489-320-7342
Chase Hancock,1-856-298-0977
Chava Carson,1-353-870-4252
Cherokee Willis,1-837-830-4916
Cheryl Sheppard,1-139-788-1384
Christine Frank,1-304-959-1548
Clarke Avila,1-671-551-6924
Clayton Mendez,1-657-669-4854
Clinton Ferguson,1-196-782-7048
Colby Gibbs,1-684-515-3701
Conan Clarke,1-334-685-8196
Cooper Stark,1-894-530-5739
Cora Nichols,1-254-621-8582
Dai Mercado,1-814-257-6814
Dai Price,1-861-631-6418
Danielle Terrell,1-568-418-6840
Daquan Garza,1-633-377-1529
Dean Grimes,1-587-429-9301
Deborah Harrell,1-891-654-3547
Demetrius Burke,1-178-655-0448
Dennis Snow,1-862-139-1836
Devin Donovan,1-314-816-8130
Dora Johnston,1-417-352-3186
Eleanor Romero,1-852-529-1866
Eliana Ortega,1-424-249-0644
Elijah Long,1-186-742-7855
Elliott Beard,1-625-566-8131
Erasmus Mclaughlin,1-332-715-9962
Gage Huber,1-936-462-7837
Ganna,0102132165
Gannna Ashraf,132154
Gavin Scott,1-235-747-6548
Gil Bell,1-872-474-3821
Gil Dawson,1-491-455-4759
Gisela Sullivan,1-371-791-6148
Graiden Moran,1-215-719-5365
Hall Wilcox,1-712-866-3946
Hayfa Weaver,1-252-748-3497
Hedy Hopper,1-354-383-9816
Hilary Cortez,1-345-362-2529
Hilel Mcintosh,1-336-520-4545
Hilel Tate,1-432-416-5158
Ila Norton,1-449-762-7622
Imogene Rocha,1-138-259-7235
Iris Maldonado,1-256-501-8237
Isaac Bush,1-293-485-3064
Isadora Gay,1-215-488-4224
Ivor Floyd,1-694-379-8485
Jada Lane,1-227-878-9105
Jamal Rose,1-811-973-7638
Jamalia Skinner,1-683-225-6233
Janna Keller,1-797-724-5713
Jerome Mcdowell,1-731-856-7578
Jin Estes,1-279-136-4491
Jolie Espinoza,1-211-623-8646
Justine Cain,1-195-902-6189
Kaitlin Massey,1-357-261-6657
Kaitlin Vang,1-676-343-7252
Kane Ratliff,1-334-543-6251
Kareem Donovan,1-265-216-2661
Kasimir Gould,1-707-685-8615
Kasimir Hendrix,1-404-872-7614
Kay Robinson,1-676-701-3877
Kerry Baird,1-569-907-3210
Kerry Robles,1-108-434-8421
Kieran May,1-314-932-7338
Kylynn Vaughn,1-724-414-1369
Lane Slater,1-749-696-5683
Lareina Cochran,1-240-406-3125
Leilani Coleman,1-512-584-2489
Leonard Ware,1-759-798-5292
Lillith Jacobs,1-474-744-1161
Louis Estes,1-953-607-7123
Lucius Frye,1-277-161-1244
Magee O'brien,1-539-405-6423
Mara Sheppard,1-974-124-3167
Marah Steele,1-831-837-5701
Mari Chase,1-326-835-6137
Marshall Leon,1-566-501-4124
May Giles,1-146-440-4415
Meghan Holmes,1-486-513-8398
Melvin Burt,1-436-133-4816
Melyssa Cline,1-865-339-6275
Micah Vargas,1-601-457-8052
Natalie Cruz,1-383-237-7509
Nathaniel Dalton,1-216-548-0275
Neil Brewer,1-560-924-8552
Nevada Emerson,1-151-545-5836
Neville Kelly,1-813-898-5658
Orson Wise,1-947-914-2319
Phelan Lindsay,1-111-870-3588
Phelan Velez,1-527-259-3162
Phoebe Hartman,1-620-230-8827
Phoebe Mcgee,1-825-260-1685
Piper Price,1-884-265-2868
Raja Mcpherson,1-778-143-1724
Ralph Jenkins,1-997-830-9821
Ralph Salazar,1-352-861-8677
Randa Eisa Ahmed,123456789987
Ria Acevedo,1-828-258-2513
Sage Mooney,1-654-578-0981
Samuel Dejesus,1-837-652-3137
Sandra Klein,1-652-589-4270
Sasha Mcdaniel,1-530-725-5784
Selma Blevins,1-751-373-4144
Serina Mcconnell,1-398-732-1001
Shellie Spence,1-103-603-0645
Shoshana Newman,1-814-252-8382
Signe Cash,1-755-418-1381
Sophia Wilson,1-768-359-0375
Steel Garrison,1-175-432-4693
Sydney Owens,1-113-321-5669
Tad Hubbard,1-582-257-7218
Tamara Lang,1-400-320-6758
Tara Blake,1-854-880-7835
Test,00000
Timothy Henry,1-342-373-0322
Trevor Riley,1-579-278-7217
Tyler Gamble,1-831-953-1207
Vance Santos,1-905-306-6197
Wanda Holland,1-631-602-5262
Wang Ramirez,1-879-757-6847
Warren Glover,1-529-241-1185
Whilemina Cox,1-365-857-8832
Whitney Hood,1-679-611-4110
Xantha Hartman,1-427-567-2354
Xanthus Alvarez,1-358-273-3367
Xenos Salazar,1-537-167-7720
Xyla Kline,1-741-834-0685
Yuri Acevedo,1-641-322-3860
Zena Harris,1-604-234-1662
